"Country","Rank","Gold","Silver","Bronze","Total","Rank.by.Total","Country.Code","Latitude","Longitude","NumAthletes"
"Argentina",72,0,1,2,3,60,"AR",-38.416097,-63.616672,180
"Armenia",69,0,2,2,4,47,"AM",40.069099,45.038189,16
"Australia",6,17,7,22,46,6,"AU",-25.274398,133.775136,470
"Austria",53,1,1,5,7,33,"AT",47.516231,14.550072,72
"Azerbaijan",67,0,3,4,7,33,"AZ",40.143105,47.576927,41
"Bahamas",42,2,0,0,2,66,"BS",25.03428,-77.39628,16
"Bahrain",77,0,1,0,1,77,"BH",25.930414,50.637772,31
"Belarus",45,1,3,3,7,33,"BY",53.709807,27.953389,104
"Belgium",29,3,1,3,7,33,"BE",50.503887,4.469936,125
"Bermuda",63,1,0,0,1,77,"BM",32.321384,-64.75737,2
"Botswana",86,0,0,1,1,77,"BW",-22.328474,24.684866,13
"Brazil",12,7,6,8,21,12,"BR",-14.235004,-51.92528,291
"Bulgaria",30,3,1,2,6,39,"BG",42.733883,25.48583,41
"Burkina Faso",86,0,0,1,1,77,"BF",12.238333,-1.561593,7
"Canada",11,7,6,11,24,11,"CA",56.130366,-106.346771,368
"Chinese Taipei",34,2,4,6,12,22,"TW",23.69781,120.960515,67
"Colombia",66,0,4,1,5,42,"CO",4.570868,-74.297333,64
"Côte d'Ivoire",86,0,0,1,1,77,"CI",7.539989,-5.54708,29
"Croatia",26,3,3,2,8,29,"HR",45.1,15.2,57
"Cuba",14,7,3,5,15,18,"CU",21.521757,-77.781167,69
"Czech Republic",18,4,4,3,11,23,"CZ",49.817492,15.472962,117
"Denmark",25,3,4,4,11,23,"DK",56.26392,9.501785,103
"Dominican Republic",68,0,3,2,5,42,"DO",18.735693,-70.162651,61
"Ecuador",38,2,1,0,3,60,"EC",-1.831239,-78.183406,46
"Egypt",54,1,1,4,6,39,"EG",26.820553,30.802498,133
"Estonia",59,1,0,1,2,66,"EE",58.595272,25.013607,33
"Ethiopia",56,1,1,2,4,47,"ET",9.145,40.489673,42
"Fiji",59,1,0,1,2,66,"FJ",-16.578193,179.414413,28
"Finland",85,0,0,2,2,66,"FI",61.92411,25.748151,45
"France",8,10,12,11,33,10,"FR",46.227638,2.213749,377
"Georgia",33,2,5,1,8,29,"GE",42.315407,43.356892,35
"Germany",9,10,11,16,37,8,"DE",51.165691,10.451526,400
"Ghana",86,0,0,1,1,77,"GH",7.946527,-1.023194,14
"Great Britain",4,22,21,22,65,4,"GB",55.378051,-3.435973,366
"Greece",36,2,1,1,4,47,"GR",39.074208,21.824312,75
"Grenada",86,0,0,1,1,77,"GD",12.262776,-61.604171,6
"Hungary",15,6,7,7,20,13,"HU",47.162494,19.503304,155
"India",48,1,2,4,7,33,"IN",20.593684,78.96288,117
"Indonesia",55,1,1,3,5,42,"ID",-0.789275,113.921327,26
"Ireland",39,2,0,2,4,47,"IE",53.41291,-8.24389,116
"Israel",39,2,0,2,4,47,"IL",31.046051,34.851612,85
"Italy",10,10,10,20,40,7,"IT",41.87194,12.56738,356
"Jamaica",21,4,1,4,9,26,"JM",18.109581,-77.297508,60
"Japan",3,27,14,17,58,5,"JP",36.204824,138.252924,586
"Jordan",74,0,1,1,2,66,"JO",30.585164,36.238414,11
"Kazakhstan",83,0,0,8,8,29,"KZ",48.019573,66.923684,92
"Kenya",19,4,4,2,10,25,"KE",-0.023559,37.906193,78
"Kosovo",42,2,0,0,2,66,"XK",42.602636,20.902977,10
"Kuwait",86,0,0,1,1,77,"KW",29.31166,47.481766,10
"Kyrgyzstan",70,0,2,1,3,60,"KG",41.20438,74.766098,16
"Latvia",59,1,0,1,2,66,"LV",56.879635,24.603189,29
"Lithuania",77,0,1,0,1,77,"LT",55.169438,23.881275,37
"Malaysia",74,0,1,1,2,66,"MY",4.210484,101.975766,29
"Mexico",84,0,0,4,4,47,"MX",23.634501,-102.552784,155
"Mongolia",71,0,1,3,4,47,"MN",46.862496,103.846656,43
"Morocco",63,1,0,0,1,77,"MA",31.791702,-7.09262,48
"Namibia",77,0,1,0,1,77,NA,-22.95764,18.49041,11
"Netherlands",7,10,12,14,36,9,"NL",52.132633,5.291266,274
"New Zealand",13,7,6,7,20,13,"NZ",-40.900557,174.885971,202
"Nigeria",74,0,1,1,2,66,"NG",9.081999,8.675277,59
"Norway",20,4,2,2,8,29,"NO",60.472024,8.468946,92
"People's Republic of China",2,38,32,18,88,2,"CN",35.86166,104.195397,401
"Philippines",50,1,2,1,4,47,"PH",12.879721,121.774017,18
"Poland",17,4,5,5,14,19,"PL",51.919438,19.145136,195
"Portugal",56,1,1,2,4,47,"PT",39.399872,-8.224454,85
"Puerto Rico",63,1,0,0,1,77,"PR",18.220833,-66.590149,35
"Qatar",41,2,0,1,3,60,"QA",25.354826,51.183884,14
"Romania",46,1,3,0,4,47,"RO",45.943161,24.96676,99
"San Marino",72,0,1,2,3,60,"SM",43.94236,12.457777,4
"Saudi Arabia",77,0,1,0,1,77,"SA",23.885942,45.079162,32
"Serbia",28,3,1,5,9,26,"RS",44.016521,21.005859,83
"Slovakia",50,1,2,1,4,47,"SK",48.669026,19.699024,38
"Slovenia",31,3,1,1,5,42,"SI",46.151241,14.995463,51
"South Africa",52,1,2,0,3,60,"ZA",-30.559482,22.937506,171
"Spain",22,3,8,6,17,17,"ES",40.463667,-3.74922,324
"Sweden",23,3,6,0,9,26,"SE",60.128161,18.643501,129
"Switzerland",24,3,4,6,13,20,"CH",46.818188,8.227512,115
"Thailand",59,1,0,1,2,66,"TH",15.870032,100.992541,39
"Tunisia",58,1,1,0,2,66,"TN",33.886917,9.537499,57
"Turkey",35,2,2,9,13,20,"TR",38.963745,35.243322,102
"Turkmenistan",77,0,1,0,1,77,"TM",38.969719,59.556278,8
"Uganda",36,2,1,1,4,47,"UG",1.373333,32.290275,24
"Ukraine",44,1,6,12,19,16,"UA",48.379433,31.16558,152
"United States of America",1,39,41,33,113,1,"US",37.09024,-95.712891,615
"Uzbekistan",32,3,0,2,5,42,"UZ",41.377491,64.585262,63
"Venezuela",46,1,3,0,4,47,"VE",6.42375,-66.58973,43
